{
  "created_at": "2026-02-27T18:24:46.274369",
  "feature_spec": {
    "numeric": [
      "Rainfall",
      "Temperature",
      "Humidity",
      "N",
      "P",
      "K",
      "ph",
      "nutrient_rainfall",
      "rain_per_degree",
      "heat_stress_index"
    ],
    "categorical": [
      "district",
      "Crops",
      "Season",
      "Soil type",
      "Irrigation"
    ]
  },
  "rainfall_stats": {
    "Rainfall": {
      "mean": 2908.7161700262927,
      "std": 1058.4127244924475
    },
    "nutrient_rainfall": {
      "mean": 169.88200746295936,
      "std": 22.89584546989801
    },
    "rain_per_degree": {
      "mean": 62.82797853714753,
      "std": 50.13583935472862
    }
  },
  "numeric_means": {
    "Rainfall": 2908.7161700262927,
    "Temperature": 60.199780893952685,
    "Humidity": 55.63514460999124,
    "N": 26.347445223488165,
    "P": 19.70067922874672,
    "K": 30.019649430324275,
    "ph": 6.0624718179872135,
    "nutrient_rainfall": 169.88200746295936,
    "rain_per_degree": 62.82797853714753,
    "heat_stress_index": 26.68471936897458
  },
  "crop_medians": {
    "Arecanut": 3.6400466336345088,
    "Blackgram": 0.20216796422584205,
    "Cardamum": 0.4960043807578675,
    "Cashew": 0.7865128751676006,
    "Cocoa": 0.20678559791463016,
    "Coconut": 2.422494648764351,
    "Coffee": 1.0273250665240723,
    "Cotton": 8.066666666666666,
    "Ginger": 2.484284687842105,
    "Groundnut": 2.0932561812587647,
    "Paddy": 0.3730855352794834,
    "Pepper": 0.5848518802831917,
    "Tea": 1.288134762734678
  },
  "model_name": "XGBRegressor_unified",
  "model_type": "unified",
  "version": "v20260227182504",
  "global_metrics": {
    "cv_r2_mean": -0.09117157104103187,
    "cv_r2_std": 0.06893413344013873,
    "confidence_pct": 45.44142144794841,
    "test_r2": 0.01346270182381526,
    "mae": 1.1738277650981244,
    "rmse": 2.14853565361899,
    "best_params": {
      "model__subsample": "0.9",
      "model__reg_lambda": "10.0",
      "model__reg_alpha": "0.1",
      "model__n_estimators": "300",
      "model__min_child_weight": "3",
      "model__max_depth": "8",
      "model__learning_rate": "0.1",
      "model__gamma": "0.5",
      "model__colsample_bytree": "1.0"
    },
    "top_features": [
      [
        "cat__district_Raichur",
        0.03854653239250183
      ],
      [
        "cat__Irrigation_Spray",
        0.034585773944854736
      ],
      [
        "cat__Crops_Coconut",
        0.029084330424666405
      ],
      [
        "num__P",
        0.028720982372760773
      ],
      [
        "cat__Season_Zaid",
        0.027236875146627426
      ],
      [
        "cat__district_Hassan",
        0.02719956263899803
      ],
      [
        "cat__Soil type_Clay Loam",
        0.02492288500070572
      ],
      [
        "cat__Soil type_Light Sandy",
        0.024247022345662117
      ],
      [
        "cat__district_Mysuru",
        0.023364607244729996
      ],
      [
        "num__rain_per_degree",
        0.023047437891364098
      ],
      [
        "cat__Soil type_Red",
        0.022260870784521103
      ],
      [
        "cat__Soil type_Laterite",
        0.021557632833719254
      ],
      [
        "cat__district_Kasaragodu",
        0.020888999104499817
      ],
      [
        "cat__Soil type_Alluvial",
        0.020013654604554176
      ],
      [
        "cat__Crops_Groundnut",
        0.019975773990154266
      ]
    ]
  },
  "per_district": {
    "Chikmangaluru": {
      "n_rows": 221,
      "cv_r2_mean": -0.09701835172829454,
      "cv_r2_std": 0.11449202617204414,
      "confidence_pct": 45.149082413585276,
      "test_r2": 0.18813857702205172,
      "mae": 1.1022331801628895,
      "rmse": 2.0777715210860546
    },
    "Davangere": {
      "n_rows": 31,
      "cv_r2_mean": -0.6296100508015493,
      "cv_r2_std": 0.8537609974133628,
      "confidence_pct": 18.519497459922533,
      "test_r2": 0.15891663500761044,
      "mae": 0.6811544800183779,
      "rmse": 1.0724501263293467
    },
    "Gulbarga": {
      "n_rows": 337,
      "cv_r2_mean": -0.3379668343640424,
      "cv_r2_std": 0.3896852026118215,
      "confidence_pct": 33.10165828179788,
      "test_r2": 0.2664890744743307,
      "mae": 0.8719273503603799,
      "rmse": 1.5838615305052417
    },
    "Hassan": {
      "n_rows": 487,
      "cv_r2_mean": -0.11120577888906143,
      "cv_r2_std": 0.26282039974435956,
      "confidence_pct": 44.43971105554693,
      "test_r2": 0.11138762249375178,
      "mae": 1.1553982099311648,
      "rmse": 2.0623356506455415
    },
    "Kasaragodu": {
      "n_rows": 130,
      "cv_r2_mean": -0.5183760153531825,
      "cv_r2_std": 0.8355799377493878,
      "confidence_pct": 24.08119923234088,
      "test_r2": 0.22849325699645728,
      "mae": 0.995482642862309,
      "rmse": 1.8637069864021973
    },
    "Kodagu": {
      "n_rows": 135,
      "cv_r2_mean": -0.4257011663824265,
      "cv_r2_std": 0.6647577680547742,
      "confidence_pct": 28.714941680878674,
      "test_r2": 0.13873098527600203,
      "mae": 0.9190382654846933,
      "rmse": 1.7225158528576068
    },
    "Madikeri": {
      "n_rows": 148,
      "cv_r2_mean": -0.34554352229544694,
      "cv_r2_std": 0.2553337690453996,
      "confidence_pct": 32.722823885227655,
      "test_r2": 0.19600677978947756,
      "mae": 1.3664852734627542,
      "rmse": 2.16577558993909
    },
    "Mangalore": {
      "n_rows": 203,
      "cv_r2_mean": -0.7367960371731634,
      "cv_r2_std": 1.131232201031025,
      "confidence_pct": 13.16019814134183,
      "test_r2": 0.16714042891394854,
      "mae": 1.2043617387303964,
      "rmse": 2.2631848984652727
    },
    "Mysuru": {
      "n_rows": 116,
      "cv_r2_mean": 0.09207674747802388,
      "cv_r2_std": 0.18394767905337975,
      "confidence_pct": 54.60383737390119,
      "test_r2": 0.378874788521779,
      "mae": 1.0945126231192577,
      "rmse": 1.8210569380513573
    },
    "Pune": {
      "n_rows": 320,
      "cv_r2_mean": 0.3229217264333573,
      "cv_r2_std": 0.05002292943309689,
      "confidence_pct": 66.14608632166787,
      "test_r2": 0.41464029795117463,
      "mae": 0.2330848412177517,
      "rmse": 0.275388558500485
    },
    "Raichur": {
      "n_rows": 145,
      "cv_r2_mean": -0.29828769074958816,
      "cv_r2_std": 0.3852291100702732,
      "confidence_pct": 35.08561546252059,
      "test_r2": 0.16652199156020253,
      "mae": 1.556416698742773,
      "rmse": 2.258338306337376
    }
  },
  "references": {
    "weather_by_district_season": {},
    "nutrients_by_district": {
      "Pune": {
        "N": 13.091266292542521,
        "P": 52.506216033082126,
        "K": 70.4914713007589,
        "ph": 7.020802012724831
      }
    }
  },
  "target_transform": "log1p"
}